Optimizer,MaxEvaluation,ObjectiveValue
QQN-GoldenSection,2,1.888834e0
QQN-GoldenSection,49,1.888834e0
QQN-GoldenSection,2,1.929138e0
QQN-GoldenSection,15,1.929138e0
QQN-GoldenSection,63,1.924845e0
QQN-GoldenSection,112,1.923276e0
QQN-GoldenSection,165,1.920473e0
QQN-GoldenSection,2,2.214643e0
QQN-GoldenSection,51,2.214643e0
QQN-GoldenSection,2,2.173768e0
QQN-GoldenSection,15,2.173768e0
QQN-GoldenSection,2,1.969617e0
QQN-GoldenSection,54,1.969617e0
QQN-GoldenSection,2,2.170496e0
QQN-GoldenSection,50,2.170496e0
QQN-GoldenSection,2,1.864575e0
QQN-GoldenSection,54,1.864575e0
QQN-GoldenSection,56,1.450868e0
QQN-GoldenSection,2,2.208735e0
QQN-GoldenSection,15,2.208735e0
QQN-GoldenSection,2,2.365520e0
QQN-GoldenSection,48,2.365520e0
QQN-GoldenSection,2,2.465247e0
QQN-GoldenSection,50,2.465247e0
QQN-GoldenSection,2,1.782326e0
QQN-GoldenSection,52,1.782326e0
QQN-Bisection-1,2,2.457677e0
QQN-Bisection-1,88,2.457677e0
QQN-Bisection-1,161,2.447516e0
QQN-Bisection-1,192,2.290243e0
QQN-Bisection-1,267,1.930154e0
QQN-Bisection-1,269,6.171106e-1
QQN-Bisection-1,2,1.989491e0
QQN-Bisection-1,59,1.989491e0
QQN-Bisection-1,144,1.959448e0
QQN-Bisection-1,175,1.949642e0
QQN-Bisection-1,2,2.026146e0
QQN-Bisection-1,85,2.026146e0
QQN-Bisection-1,87,1.088587e0
QQN-Bisection-1,2,2.169928e0
QQN-Bisection-1,59,2.169928e0
QQN-Bisection-1,136,2.095297e0
QQN-Bisection-1,205,2.092585e0
QQN-Bisection-1,207,2.159455e-1
QQN-Bisection-1,2,2.503279e0
QQN-Bisection-1,69,2.503279e0
QQN-Bisection-1,2,1.927892e0
QQN-Bisection-1,83,1.927892e0
QQN-Bisection-1,162,1.805705e0
QQN-Bisection-1,241,1.802785e0
QQN-Bisection-1,312,1.801577e0
QQN-Bisection-1,314,1.386995e0
QQN-Bisection-1,2,2.102983e0
QQN-Bisection-1,69,2.102983e0
QQN-Bisection-1,150,2.096311e0
QQN-Bisection-1,152,1.132089e0
QQN-Bisection-1,2,1.957850e0
QQN-Bisection-1,69,1.957850e0
QQN-Bisection-1,159,1.945266e0
QQN-Bisection-1,2,2.514624e0
QQN-Bisection-1,88,2.514624e0
QQN-Bisection-1,171,2.507522e0
QQN-Bisection-1,261,2.287593e0
QQN-Bisection-1,342,2.271135e0
QQN-Bisection-1,344,1.366612e0
QQN-Bisection-1,2,2.139800e0
QQN-Bisection-1,69,2.139800e0
QQN-Bisection-1,71,1.151976e0
QQN-Bisection-2,2,2.355487e0
QQN-Bisection-2,30,2.355487e0
QQN-Bisection-2,2,2.139813e0
QQN-Bisection-2,30,2.139813e0
QQN-StrongWolfe,2,1.867267e0
QQN-StrongWolfe,33,1.867267e0
QQN-StrongWolfe,35,1.637795e0
QQN-StrongWolfe,2,2.082666e0
QQN-StrongWolfe,37,2.082666e0
QQN-StrongWolfe,70,1.701667e0
QQN-StrongWolfe,107,1.682944e0
QQN-StrongWolfe,152,1.663051e0
QQN-StrongWolfe,154,2.825348e-2
QQN-StrongWolfe,2,1.844370e0
QQN-StrongWolfe,35,1.844370e0
QQN-StrongWolfe,78,1.832737e0
QQN-StrongWolfe,80,6.602000e-1
QQN-StrongWolfe,2,2.112637e0
QQN-StrongWolfe,28,2.112637e0
QQN-StrongWolfe,30,1.583988e0
QQN-StrongWolfe,2,1.922841e0
QQN-StrongWolfe,45,1.922841e0
QQN-StrongWolfe,47,7.387023e-1
QQN-StrongWolfe,2,1.842758e0
QQN-StrongWolfe,35,1.842758e0
QQN-StrongWolfe,2,2.499721e0
QQN-StrongWolfe,37,2.499721e0
QQN-StrongWolfe,80,2.154916e0
QQN-StrongWolfe,82,1.585650e-1
QQN-StrongWolfe,2,1.688985e0
QQN-StrongWolfe,33,1.688985e0
QQN-StrongWolfe,35,9.980268e-1
QQN-StrongWolfe,2,2.036170e0
QQN-StrongWolfe,33,2.036170e0
QQN-StrongWolfe,35,2.541606e-1
QQN-StrongWolfe,2,2.140120e0
QQN-StrongWolfe,34,2.140120e0
QQN-StrongWolfe,71,2.020343e0
QQN-StrongWolfe,114,2.011399e0
QQN-StrongWolfe,116,4.786568e-1
QQN-StrongWolfe,2,2.513403e0
QQN-StrongWolfe,43,2.513403e0
QQN-StrongWolfe,84,1.896848e0
QQN-StrongWolfe,86,5.927281e-1
QQN-StrongWolfe,2,2.060841e0
QQN-StrongWolfe,35,2.060841e0
QQN-StrongWolfe,2,1.960572e0
QQN-StrongWolfe,40,1.960572e0
QQN-StrongWolfe,42,1.164576e0
QQN-StrongWolfe,2,2.001879e0
QQN-StrongWolfe,34,2.001879e0
QQN-StrongWolfe,36,7.378719e-1
QQN-CubicQuadraticInterpolation,2,1.967481e0
QQN-CubicQuadraticInterpolation,15,1.967481e0
QQN-CubicQuadraticInterpolation,2,2.278453e0
QQN-CubicQuadraticInterpolation,25,2.278453e0
QQN-CubicQuadraticInterpolation,39,2.277645e0
QQN-CubicQuadraticInterpolation,2,1.867727e0
QQN-CubicQuadraticInterpolation,25,1.867727e0
QQN-CubicQuadraticInterpolation,2,1.934675e0
QQN-CubicQuadraticInterpolation,25,1.934675e0
QQN-CubicQuadraticInterpolation,2,1.855730e0
QQN-CubicQuadraticInterpolation,25,1.855730e0
QQN-CubicQuadraticInterpolation,40,1.853656e0
QQN-CubicQuadraticInterpolation,2,1.957139e0
QQN-CubicQuadraticInterpolation,15,1.957139e0
QQN-CubicQuadraticInterpolation,2,1.715861e0
QQN-CubicQuadraticInterpolation,25,1.715861e0
QQN-CubicQuadraticInterpolation,54,1.714466e0
QQN-CubicQuadraticInterpolation,69,1.705199e0
QQN-CubicQuadraticInterpolation,2,2.300761e0
QQN-CubicQuadraticInterpolation,25,2.300761e0
QQN-CubicQuadraticInterpolation,2,2.353871e0
QQN-CubicQuadraticInterpolation,15,2.353871e0
QQN-CubicQuadraticInterpolation,2,2.233701e0
QQN-CubicQuadraticInterpolation,25,2.233701e0
L-BFGS-Aggressive,2,1.795958e0
L-BFGS-Aggressive,15,1.795958e0
L-BFGS-Aggressive,2,1.922911e0
L-BFGS-Aggressive,15,1.922911e0
L-BFGS-Aggressive,2,2.133215e0
L-BFGS-Aggressive,15,2.133215e0
L-BFGS-Aggressive,28,2.127946e0
L-BFGS-Aggressive,2,1.701668e0
L-BFGS-Aggressive,15,1.701668e0
L-BFGS-Aggressive,28,1.695406e0
L-BFGS-Aggressive,2,2.572929e0
L-BFGS-Aggressive,15,2.572929e0
L-BFGS-Aggressive,2,2.238641e0
L-BFGS-Aggressive,15,2.238641e0
L-BFGS-Aggressive,2,2.021154e0
L-BFGS-Aggressive,15,2.021154e0
L-BFGS,2,2.414678e0
L-BFGS,15,2.414678e0
L-BFGS,28,3.676217e0
L-BFGS,30,1.376985e0
L-BFGS,2,1.850085e0
L-BFGS,15,1.850085e0
L-BFGS,28,7.504140e0
L-BFGS,41,1.144862e1
L-BFGS,54,1.879610e1
L-BFGS,67,2.669324e1
L-BFGS,2,2.122501e0
L-BFGS,15,2.122501e0
L-BFGS,17,5.505813e-1
L-BFGS,2,1.843133e0
L-BFGS,15,1.843133e0
L-BFGS,17,2.022657e-1
L-BFGS,2,1.964629e0
L-BFGS,15,1.964629e0
L-BFGS,28,4.167242e0
L-BFGS,41,8.437874e0
L-BFGS,54,1.243714e1
L-BFGS,67,9.032086e0
L-BFGS,2,2.193876e0
L-BFGS,15,2.193876e0
L-BFGS,28,4.731328e0
L-BFGS,41,9.911618e0
L-BFGS,54,1.795324e1
L-BFGS,67,1.609736e1
L-BFGS,2,2.274817e0
L-BFGS,15,2.274817e0
L-BFGS,17,7.260215e-2
L-BFGS,2,2.722420e0
L-BFGS,15,2.722420e0
L-BFGS,28,2.816359e0
L-BFGS,30,1.406786e0
L-BFGS,2,2.721638e0
L-BFGS,15,2.721638e0
L-BFGS,28,3.121402e0
L-BFGS,41,8.599622e0
L-BFGS,54,1.561918e1
L-BFGS,67,2.722513e1
L-BFGS,2,2.449015e0
L-BFGS,15,2.449015e0
L-BFGS,17,1.624901e0
L-BFGS,2,2.248728e0
L-BFGS,15,2.248728e0
L-BFGS,28,8.376159e0
L-BFGS,41,1.384844e1
L-BFGS,54,1.435236e1
L-BFGS,67,7.553424e0
L-BFGS,2,2.292005e0
L-BFGS,15,2.292005e0
L-BFGS,17,1.275627e0
L-BFGS,2,1.759817e0
L-BFGS,15,1.759817e0
L-BFGS,28,4.793298e0
L-BFGS,30,1.085993e0
L-BFGS,2,2.001339e0
L-BFGS,15,2.001339e0
L-BFGS,28,5.167474e0
L-BFGS,41,8.028596e0
L-BFGS,54,4.097507e0
L-BFGS,67,1.048122e1
L-BFGS,2,2.201178e0
L-BFGS,15,2.201178e0
L-BFGS,28,8.312700e0
L-BFGS,41,5.641406e0
L-BFGS,54,6.025149e0
L-BFGS,67,1.217127e1
L-BFGS,2,2.037954e0
L-BFGS,15,2.037954e0
L-BFGS,28,3.916189e0
L-BFGS,41,4.043110e0
L-BFGS,54,3.600448e0
L-BFGS,67,6.636582e0
L-BFGS,2,2.036672e0
L-BFGS,15,2.036672e0
L-BFGS,28,7.168528e0
L-BFGS,41,1.372875e1
L-BFGS,54,1.954571e1
L-BFGS,67,1.441799e1
L-BFGS,2,1.928326e0
L-BFGS,15,1.928326e0
L-BFGS,28,4.461486e0
L-BFGS,41,9.729550e0
L-BFGS,54,5.115011e0
L-BFGS,67,1.017545e1
L-BFGS-Conservative,2,1.873097e0
L-BFGS-Conservative,24,1.873097e0
L-BFGS-Conservative,38,1.863301e0
L-BFGS-Conservative,59,1.747212e0
L-BFGS-Conservative,77,1.743318e0
L-BFGS-Conservative,79,1.610536e0
L-BFGS-Conservative,2,2.296235e0
L-BFGS-Conservative,29,2.296235e0
L-BFGS-Conservative,66,2.293602e0
L-BFGS-Conservative,124,2.293189e0
L-BFGS-Conservative,166,2.293671e0
L-BFGS-Conservative,177,2.293239e0
L-BFGS-Conservative,206,1.937716e0
L-BFGS-Conservative,221,1.931570e0
L-BFGS-Conservative,233,1.816808e0
L-BFGS-Conservative,235,1.591619e0
L-BFGS-Conservative,2,1.726999e0
L-BFGS-Conservative,24,1.726999e0
L-BFGS-Conservative,40,1.721524e0
L-BFGS-Conservative,42,1.459424e0
L-BFGS-Conservative,2,1.841301e0
L-BFGS-Conservative,16,1.841301e0
L-BFGS-Conservative,28,1.690457e0
L-BFGS-Conservative,30,1.459898e0
L-BFGS-Conservative,2,2.380560e0
L-BFGS-Conservative,30,2.380560e0
L-BFGS-Conservative,61,2.379175e0
L-BFGS-Conservative,120,2.378679e0
L-BFGS-Conservative,133,2.378103e0
L-BFGS-Conservative,177,2.229182e0
L-BFGS-Conservative,208,2.228774e0
L-BFGS-Conservative,266,2.227413e0
L-BFGS-Conservative,324,2.228487e0
L-BFGS-Conservative,339,2.228737e0
L-BFGS-Conservative,387,2.164974e0
L-BFGS-Conservative,402,2.164181e0
L-BFGS-Conservative,414,2.162428e0
L-BFGS-Conservative,433,1.927692e0
L-BFGS-Conservative,455,1.927207e0
L-BFGS-Conservative,503,1.925816e0
L-BFGS-Conservative,561,1.925613e0
L-BFGS-Conservative,574,1.926087e0
L-BFGS-Conservative,586,1.849790e0
L-BFGS-Conservative,598,1.698344e0
L-BFGS-Conservative,600,1.464496e0
L-BFGS-Conservative,2,2.018797e0
L-BFGS-Conservative,15,2.018797e0
L-BFGS-Conservative,54,1.907559e0
L-BFGS-Conservative,112,1.904545e0
L-BFGS-Conservative,163,1.904964e0
L-BFGS-Conservative,221,1.904647e0
L-BFGS-Conservative,233,1.904832e0
L-BFGS-Conservative,246,1.745487e0
L-BFGS-Conservative,248,1.635680e0
L-BFGS-Conservative,2,2.010204e0
L-BFGS-Conservative,16,2.010204e0
L-BFGS-Conservative,38,1.818310e0
L-BFGS-Conservative,50,1.816781e0
L-BFGS-Conservative,52,1.584352e0
L-BFGS-Conservative,2,2.135767e0
L-BFGS-Conservative,13,2.135767e0
L-BFGS-Conservative,26,1.854089e0
L-BFGS-Conservative,28,1.546521e0
L-BFGS-Conservative,2,2.396832e0
L-BFGS-Conservative,30,2.396832e0
L-BFGS-Conservative,57,2.395031e0
L-BFGS-Conservative,69,2.394757e0
L-BFGS-Conservative,86,2.197666e0
L-BFGS-Conservative,124,2.190557e0
L-BFGS-Conservative,182,2.188989e0
L-BFGS-Conservative,221,2.189173e0
L-BFGS-Conservative,246,1.904761e0
L-BFGS-Conservative,270,1.893831e0
L-BFGS-Conservative,303,1.892443e0
L-BFGS-Conservative,345,1.891511e0
L-BFGS-Conservative,356,1.889628e0
L-BFGS-Conservative,376,1.664391e0
L-BFGS-Conservative,378,1.658168e0
L-BFGS-Conservative,2,2.550808e0
L-BFGS-Conservative,22,2.550808e0
L-BFGS-Conservative,81,2.308417e0
L-BFGS-Conservative,139,2.307815e0
L-BFGS-Conservative,182,2.308139e0
L-BFGS-Conservative,193,2.307881e0
L-BFGS-Conservative,217,2.042050e0
L-BFGS-Conservative,229,2.029544e0
L-BFGS-Conservative,242,1.707356e0
L-BFGS-Conservative,244,1.630873e0
L-BFGS-Conservative,2,2.403408e0
L-BFGS-Conservative,22,2.403408e0
L-BFGS-Conservative,44,2.400017e0
L-BFGS-Conservative,72,2.396944e0
L-BFGS-Conservative,92,2.394688e0
L-BFGS-Conservative,111,2.281346e0
L-BFGS-Conservative,125,2.268352e0
L-BFGS-Conservative,138,2.203798e0
L-BFGS-Conservative,149,2.153077e0
L-BFGS-Conservative,170,1.854614e0
L-BFGS-Conservative,196,1.842494e0
L-BFGS-Conservative,210,1.840354e0
L-BFGS-Conservative,212,1.568795e0
L-BFGS-Conservative,2,2.275785e0
L-BFGS-Conservative,13,2.275785e0
L-BFGS-Conservative,37,2.027620e0
L-BFGS-Conservative,59,2.019467e0
L-BFGS-Conservative,98,1.825535e0
L-BFGS-Conservative,110,1.824846e0
L-BFGS-Conservative,112,1.648307e0
L-BFGS-Conservative,2,1.861915e0
L-BFGS-Conservative,14,1.861915e0
L-BFGS-Conservative,16,1.630826e0
L-BFGS-Conservative,2,1.890897e0
L-BFGS-Conservative,16,1.890897e0
L-BFGS-Conservative,28,1.712627e0
L-BFGS-Conservative,30,1.467045e0
L-BFGS-Conservative,2,2.005407e0
L-BFGS-Conservative,13,2.005407e0
L-BFGS-Conservative,15,1.628781e0
L-BFGS-Conservative,2,1.832303e0
L-BFGS-Conservative,14,1.832303e0
L-BFGS-Conservative,38,1.699626e0
L-BFGS-Conservative,40,1.543957e0
L-BFGS-MoreThuente,2,2.414201e0
L-BFGS-MoreThuente,38,2.414201e0
L-BFGS-MoreThuente,2,2.682965e0
L-BFGS-MoreThuente,42,2.682965e0
L-BFGS-MoreThuente,88,2.680179e0
L-BFGS-MoreThuente,97,2.677739e0
L-BFGS-MoreThuente,2,1.831470e0
L-BFGS-MoreThuente,11,1.831470e0
L-BFGS-MoreThuente,2,2.011714e0
L-BFGS-MoreThuente,11,2.011714e0
L-BFGS-MoreThuente,2,2.130699e0
L-BFGS-MoreThuente,28,2.130699e0
L-BFGS-MoreThuente,30,1.122960e-1
L-BFGS-MoreThuente,2,2.126517e0
L-BFGS-MoreThuente,32,2.126517e0
L-BFGS-MoreThuente,2,2.450379e0
L-BFGS-MoreThuente,32,2.450379e0
L-BFGS-MoreThuente,34,5.535987e-1
L-BFGS-MoreThuente,2,2.563628e0
L-BFGS-MoreThuente,42,2.563628e0
L-BFGS-MoreThuente,2,2.219439e0
L-BFGS-MoreThuente,38,2.219439e0
L-BFGS-MoreThuente,80,2.210650e0
L-BFGS-MoreThuente,2,1.975845e0
L-BFGS-MoreThuente,54,1.975845e0
L-BFGS-MoreThuente,63,1.971775e0
L-BFGS-MoreThuente,2,2.035383e0
L-BFGS-MoreThuente,11,2.035383e0
L-BFGS-MoreThuente,51,2.022954e0
L-BFGS-MoreThuente,2,2.228301e0
L-BFGS-MoreThuente,44,2.228301e0
L-BFGS-MoreThuente,53,2.219483e0
L-BFGS-MoreThuente,62,2.218367e0
L-BFGS-MoreThuente,2,1.872483e0
L-BFGS-MoreThuente,26,1.872483e0
L-BFGS-MoreThuente,28,1.013683e0
L-BFGS-MoreThuente,2,2.202705e0
L-BFGS-MoreThuente,70,2.202705e0
L-BFGS-Limited,2,2.160269e0
L-BFGS-Limited,23,2.160269e0
L-BFGS-Limited,2,2.001856e0
L-BFGS-Limited,22,2.001856e0
L-BFGS-Limited,44,1.995283e0
L-BFGS-Limited,46,8.279976e-1
L-BFGS-Limited,2,2.035296e0
L-BFGS-Limited,22,2.035296e0
L-BFGS-Limited,44,2.022690e0
L-BFGS-Limited,2,2.430139e0
L-BFGS-Limited,25,2.430139e0
L-BFGS-Limited,47,2.420745e0
L-BFGS-Limited,49,1.172229e0
L-BFGS-Limited,2,2.285320e0
L-BFGS-Limited,24,2.285320e0
L-BFGS-Limited,2,1.827381e0
L-BFGS-Limited,24,1.827381e0
L-BFGS-Limited,26,7.625964e-1
L-BFGS-Limited,2,2.549412e0
L-BFGS-Limited,22,2.549412e0
L-BFGS-Limited,45,2.536466e0
L-BFGS-Limited,2,2.370667e0
L-BFGS-Limited,24,2.370667e0
L-BFGS-Limited,46,2.250435e0
L-BFGS-Limited,48,1.215178e0
L-BFGS-Limited,2,1.934944e0
L-BFGS-Limited,24,1.934944e0
L-BFGS-Limited,26,1.237157e0
L-BFGS-Limited,2,1.832881e0
L-BFGS-Limited,24,1.832881e0
L-BFGS-Limited,41,1.747269e0
L-BFGS-Limited,63,1.734066e0
L-BFGS-Limited,85,1.732685e0
L-BFGS-Limited,87,1.489018e0
L-BFGS-Limited,2,1.801662e0
L-BFGS-Limited,23,1.801662e0
L-BFGS-Limited,46,1.792730e0
L-BFGS-Limited,68,1.789357e0
L-BFGS-Limited,70,1.013223e0
L-BFGS-Limited,2,1.741542e0
L-BFGS-Limited,24,1.741542e0
L-BFGS-Limited,26,1.037767e0
L-BFGS-Limited,2,2.476459e0
L-BFGS-Limited,22,2.476459e0
L-BFGS-Limited,45,2.465674e0
L-BFGS-Limited,67,2.464259e0
L-BFGS-Limited,2,2.296096e0
L-BFGS-Limited,24,2.296096e0
L-BFGS-Limited,46,2.290557e0
L-BFGS-Limited,68,2.289352e0
L-BFGS-Limited,70,1.441174e0
L-BFGS-Limited,2,1.896198e0
L-BFGS-Limited,22,1.896198e0
L-BFGS-Limited,2,2.638204e0
L-BFGS-Limited,24,2.638204e0
L-BFGS-Limited,2,1.766707e0
L-BFGS-Limited,24,1.766707e0
GD,2,2.193746e0
GD,5,2.193746e0
GD,8,2.224530e0
GD,11,2.412995e0
GD,14,2.666238e0
GD,17,2.358474e0
GD,20,2.144160e0
GD,23,2.411836e0
GD,26,2.131480e0
GD,29,2.077337e0
GD,32,2.215457e0
GD,35,2.399129e0
GD,38,2.690449e0
GD,41,3.023532e0
GD,44,3.003410e0
GD,2,2.236589e0
GD,5,2.236589e0
GD,8,2.427862e0
GD,11,2.134649e0
GD,14,1.964436e0
GD,17,1.707433e0
GD,19,1.585412e0
GD,2,2.313890e0
GD,5,2.313890e0
GD,8,2.035820e0
GD,11,2.136493e0
GD,14,2.402840e0
GD,17,2.107144e0
GD,20,2.358789e0
GD,23,2.640327e0
GD,2,2.387514e0
GD,5,2.387514e0
GD,8,2.241011e0
GD,11,2.405811e0
GD,14,2.255524e0
GD,17,1.960904e0
GD,20,2.248101e0
GD,23,2.362280e0
GD,26,2.578014e0
GD,29,2.411110e0
GD,32,2.129808e0
GD,35,1.885570e0
GD,38,2.034563e0
GD,41,2.187473e0
GD,44,1.899886e0
GD,47,1.841746e0
GD,50,2.075920e0
GD,53,1.875293e0
GD,56,1.726789e0
GD,58,1.600146e0
GD,2,2.614340e0
GD,5,2.614340e0
GD,8,2.511931e0
GD,11,2.576730e0
GD,14,2.341277e0
GD,17,2.237671e0
GD,20,2.522204e0
GD,23,2.607903e0
GD,26,2.392792e0
GD,29,2.242401e0
GD,32,2.155083e0
GD,35,1.868908e0
GD,38,1.805947e0
GD,41,1.752718e0
GD,44,2.012946e0
GD,47,2.167284e0
GD,50,1.888017e0
GD,53,1.726601e0
GD,55,1.478491e0
GD,2,2.321945e0
GD,5,2.321945e0
GD,8,2.104017e0
GD,11,2.233118e0
GD,14,2.219780e0
GD,17,2.020393e0
GD,20,2.227542e0
GD,23,2.245625e0
GD,26,2.243590e0
GD,29,2.566781e0
GD,32,2.793573e0
GD,2,2.436483e0
GD,5,2.436483e0
GD,8,2.494790e0
GD,11,2.674006e0
GD,14,2.981169e0
GD,17,2.725588e0
GD,2,2.301069e0
GD,5,2.301069e0
GD,8,2.387897e0
GD,11,2.678488e0
GD,14,2.453503e0
GD,17,2.666340e0
GD,2,2.627649e0
GD,5,2.627649e0
GD,8,2.312387e0
GD,11,2.067667e0
GD,14,2.139705e0
GD,17,2.422249e0
GD,20,2.315717e0
GD,23,2.206777e0
GD,26,2.505557e0
GD,2,1.786601e0
GD,5,1.786601e0
GD,8,1.660571e0
GD,10,1.422836e0
GD,2,2.214437e0
GD,5,2.214437e0
GD,8,1.995075e0
GD,11,2.239384e0
GD,14,1.972572e0
GD,17,2.232835e0
GD,20,2.541182e0
GD,23,2.577378e0
GD,26,2.779489e0
GD,29,2.714492e0
GD,2,2.269554e0
GD,5,2.269554e0
GD,8,2.542292e0
GD,11,2.775495e0
GD,14,2.465892e0
GD,17,2.763260e0
GD,2,1.902578e0
GD,5,1.902578e0
GD,8,2.000810e0
GD,11,1.745959e0
GD,14,1.675662e0
GD,16,1.571877e0
GD,2,2.581599e0
GD,5,2.581599e0
GD,8,2.452100e0
GD,11,2.672368e0
GD,14,2.352966e0
GD,17,2.393438e0
GD,20,2.687480e0
GD,23,2.873295e0
GD,26,3.037040e0
GD,29,3.039030e0
GD,2,2.065590e0
GD,5,2.065590e0
GD,8,1.943674e0
GD,11,2.206658e0
GD,14,1.922179e0
GD,17,2.118122e0
GD,20,2.197233e0
GD,23,2.006382e0
GD,26,1.768149e0
GD,29,1.675984e0
GD,31,1.473231e0
GD,2,2.052638e0
GD,5,2.052638e0
GD,8,2.296210e0
GD,11,2.109962e0
GD,14,1.828643e0
GD,16,1.605635e0
GD-Momentum,2,1.873390e0
GD-Momentum,5,1.873390e0
GD-Momentum,8,1.969784e0
GD-Momentum,11,2.169604e0
GD-Momentum,14,2.204280e0
GD-Momentum,17,2.238980e0
GD-Momentum,2,2.552481e0
GD-Momentum,5,2.552481e0
GD-Momentum,8,2.663241e0
GD-Momentum,11,2.940391e0
GD-Momentum,14,3.046865e0
GD-Momentum,17,3.145279e0
GD-Momentum,2,2.316926e0
GD-Momentum,5,2.316926e0
GD-Momentum,8,2.335133e0
GD-Momentum,11,2.216731e0
GD-Momentum,14,2.197015e0
GD-Momentum,17,2.130942e0
GD-Momentum,20,1.929871e0
GD-Momentum,23,1.683306e0
GD-Momentum,25,1.603340e0
GD-Momentum,2,2.368091e0
GD-Momentum,5,2.368091e0
GD-Momentum,8,2.504930e0
GD-Momentum,11,2.797129e0
GD-Momentum,14,3.204804e0
GD-Momentum,17,3.628198e0
GD-Momentum,2,2.786098e0
GD-Momentum,5,2.786098e0
GD-Momentum,8,2.874167e0
GD-Momentum,11,3.023111e0
GD-Momentum,14,3.063981e0
GD-Momentum,17,3.294324e0
GD-Momentum,2,1.852063e0
GD-Momentum,5,1.852063e0
GD-Momentum,8,1.737186e0
GD-Momentum,10,1.599252e0
GD-Momentum,2,1.986947e0
GD-Momentum,5,1.986947e0
GD-Momentum,8,1.854023e0
GD-Momentum,10,1.630548e0
GD-Momentum,2,1.858397e0
GD-Momentum,5,1.858397e0
GD-Momentum,8,1.893617e0
GD-Momentum,11,1.990924e0
GD-Momentum,14,2.215822e0
GD-Momentum,17,2.286068e0
GD-Momentum,2,2.231038e0
GD-Momentum,5,2.231038e0
GD-Momentum,8,2.167495e0
GD-Momentum,11,2.151139e0
GD-Momentum,14,2.123618e0
GD-Momentum,17,2.102180e0
GD-Momentum,20,2.129016e0
GD-Momentum,23,2.169238e0
GD-Momentum,26,2.084217e0
GD-Momentum,29,1.981856e0
GD-Momentum,32,2.006059e0
GD-Momentum,35,2.181488e0
GD-Momentum,38,2.489058e0
GD-Momentum,41,2.690103e0
GD-Momentum,44,2.700412e0
GD-Momentum,2,2.395801e0
GD-Momentum,5,2.395801e0
GD-Momentum,8,2.238433e0
GD-Momentum,11,2.049779e0
GD-Momentum,14,1.749808e0
GD-Momentum,16,1.430614e0
GD-Momentum,2,1.948174e0
GD-Momentum,5,1.948174e0
GD-Momentum,8,1.926331e0
GD-Momentum,11,2.027340e0
GD-Momentum,14,2.043748e0
GD-Momentum,17,2.225569e0
GD-Momentum,20,2.439003e0
GD-Momentum,23,2.744546e0
GD-Momentum,2,1.894827e0
GD-Momentum,5,1.894827e0
GD-Momentum,8,1.761290e0
GD-Momentum,10,1.651207e0
GD-Momentum,2,1.687348e0
GD-Momentum,5,1.687348e0
GD-Momentum,7,1.548170e0
GD-Momentum,2,1.834484e0
GD-Momentum,5,1.834484e0
GD-Momentum,8,1.982127e0
GD-Momentum,11,2.244006e0
GD-Momentum,14,2.633962e0
GD-Momentum,17,2.856902e0
GD-Momentum,2,1.681101e0
GD-Momentum,5,1.681101e0
GD-Momentum,8,1.696243e0
GD-Momentum,11,1.680295e0
GD-Momentum,14,1.749612e0
GD-Momentum,17,1.858425e0
GD-Momentum,20,1.916073e0
GD-Momentum,23,1.955249e0
GD-Momentum,26,1.847511e0
GD-Momentum,2,1.875371e0
GD-Momentum,5,1.875371e0
GD-Momentum,8,1.752331e0
GD-Momentum,11,1.691096e0
GD-Momentum,13,1.551149e0
GD-Momentum,2,2.428045e0
GD-Momentum,5,2.428045e0
GD-Momentum,8,2.569915e0
GD-Momentum,11,2.857926e0
GD-Momentum,14,3.188837e0
GD-Momentum,17,3.715247e0
GD-Nesterov,2,2.691075e0
GD-Nesterov,5,2.691075e0
GD-Nesterov,8,2.864470e0
GD-Nesterov,11,2.779752e0
GD-Nesterov,14,3.007363e0
GD-Nesterov,17,2.929103e0
GD-Nesterov,20,2.632956e0
GD-Nesterov,23,2.659851e0
GD-Nesterov,26,2.584233e0
GD-Nesterov,29,2.562080e0
GD-Nesterov,32,2.274985e0
GD-Nesterov,35,1.920230e0
GD-Nesterov,38,2.012087e0
GD-Nesterov,41,2.172911e0
GD-Nesterov,44,2.074258e0
GD-Nesterov,47,2.323122e0
GD-Nesterov,50,2.195513e0
GD-Nesterov,2,2.181409e0
GD-Nesterov,5,2.181409e0
GD-Nesterov,8,2.283947e0
GD-Nesterov,11,2.139152e0
GD-Nesterov,14,1.892019e0
GD-Nesterov,16,1.556463e0
GD-Nesterov,2,1.714402e0
GD-Nesterov,5,1.714402e0
GD-Nesterov,7,1.595368e0
GD-Nesterov,2,2.028035e0
GD-Nesterov,5,2.028035e0
GD-Nesterov,8,2.118281e0
GD-Nesterov,11,2.406256e0
GD-Nesterov,14,2.905070e0
GD-Nesterov,17,3.522643e0
GD-Nesterov,2,1.828129e0
GD-Nesterov,5,1.828129e0
GD-Nesterov,8,1.730370e0
GD-Nesterov,10,1.525917e0
GD-Nesterov,2,2.234015e0
GD-Nesterov,5,2.234015e0
GD-Nesterov,8,2.113664e0
GD-Nesterov,11,2.304715e0
GD-Nesterov,14,2.623004e0
GD-Nesterov,17,2.625085e0
GD-Nesterov,20,2.810365e0
GD-Nesterov,23,2.739987e0
GD-Nesterov,2,1.709849e0
GD-Nesterov,5,1.709849e0
GD-Nesterov,7,1.634911e0
GD-Nesterov,2,2.048565e0
GD-Nesterov,5,2.048565e0
GD-Nesterov,8,2.199590e0
GD-Nesterov,11,2.583493e0
GD-Nesterov,14,2.573966e0
GD-Nesterov,17,2.877435e0
GD-Nesterov,2,2.155439e0
GD-Nesterov,5,2.155439e0
GD-Nesterov,8,2.216907e0
GD-Nesterov,11,2.236576e0
GD-Nesterov,14,2.007917e0
GD-Nesterov,17,1.666302e0
GD-Nesterov,20,1.703335e0
GD-Nesterov,22,1.534017e0
GD-Nesterov,2,2.621794e0
GD-Nesterov,5,2.621794e0
GD-Nesterov,8,2.502081e0
GD-Nesterov,11,2.658499e0
GD-Nesterov,14,2.980829e0
GD-Nesterov,17,2.941613e0
GD-Nesterov,20,3.257705e0
GD-Nesterov,23,3.235834e0
GD-Nesterov,2,2.764366e0
GD-Nesterov,5,2.764366e0
GD-Nesterov,8,2.817586e0
GD-Nesterov,11,3.177072e0
GD-Nesterov,14,3.718781e0
GD-Nesterov,17,4.397542e0
GD-Nesterov,2,2.454330e0
GD-Nesterov,5,2.454330e0
GD-Nesterov,8,2.585485e0
GD-Nesterov,11,2.539790e0
GD-Nesterov,14,2.485522e0
GD-Nesterov,17,2.623041e0
GD-Nesterov,2,2.036488e0
GD-Nesterov,5,2.036488e0
GD-Nesterov,8,1.979964e0
GD-Nesterov,11,1.750168e0
GD-Nesterov,14,1.848791e0
GD-Nesterov,17,1.973135e0
GD-Nesterov,20,2.091156e0
GD-Nesterov,23,2.221824e0
GD-Nesterov,26,2.439873e0
GD-Nesterov,2,2.059960e0
GD-Nesterov,5,2.059960e0
GD-Nesterov,8,2.128239e0
GD-Nesterov,11,2.229735e0
GD-Nesterov,14,2.592913e0
GD-Nesterov,17,3.136575e0
GD-Nesterov,2,2.499744e0
GD-Nesterov,5,2.499744e0
GD-Nesterov,8,2.641577e0
GD-Nesterov,11,2.825924e0
GD-Nesterov,14,3.264289e0
GD-Nesterov,17,3.896854e0
GD-Nesterov,2,2.178702e0
GD-Nesterov,5,2.178702e0
GD-Nesterov,8,2.118504e0
GD-Nesterov,11,2.133970e0
GD-Nesterov,14,2.188589e0
GD-Nesterov,17,2.034017e0
GD-Nesterov,20,2.234322e0
GD-Nesterov,23,2.118986e0
GD-Nesterov,26,2.286578e0
GD-Nesterov,29,2.646054e0
GD-Nesterov,32,3.143711e0
GD-WeightDecay,2,2.209548e0
GD-WeightDecay,5,2.209548e0
GD-WeightDecay,8,2.116069e0
GD-WeightDecay,11,2.158632e0
GD-WeightDecay,14,2.304921e0
GD-WeightDecay,17,2.337290e0
GD-WeightDecay,20,2.232741e0
GD-WeightDecay,23,2.132482e0
GD-WeightDecay,2,1.711805e0
GD-WeightDecay,5,1.711805e0
GD-WeightDecay,8,1.716364e0
GD-WeightDecay,10,1.609486e0
GD-WeightDecay,2,2.119390e0
GD-WeightDecay,5,2.119390e0
GD-WeightDecay,8,2.127887e0
GD-WeightDecay,11,2.249455e0
GD-WeightDecay,14,2.407276e0
GD-WeightDecay,17,2.688147e0
GD-WeightDecay,2,1.827388e0
GD-WeightDecay,5,1.827388e0
GD-WeightDecay,8,1.723403e0
GD-WeightDecay,10,1.653888e0
GD-WeightDecay,2,2.305820e0
GD-WeightDecay,5,2.305820e0
GD-WeightDecay,8,2.335079e0
GD-WeightDecay,11,2.529072e0
GD-WeightDecay,14,2.634788e0
GD-WeightDecay,17,2.683886e0
GD-WeightDecay,2,2.153870e0
GD-WeightDecay,5,2.153870e0
GD-WeightDecay,8,2.012225e0
GD-WeightDecay,11,1.955248e0
GD-WeightDecay,14,1.989605e0
GD-WeightDecay,17,2.153517e0
GD-WeightDecay,20,2.411463e0
GD-WeightDecay,23,2.661967e0
GD-WeightDecay,26,2.765674e0
GD-WeightDecay,2,2.408394e0
GD-WeightDecay,5,2.408394e0
GD-WeightDecay,8,2.396859e0
GD-WeightDecay,11,2.482024e0
GD-WeightDecay,14,2.475339e0
GD-WeightDecay,17,2.545813e0
GD-WeightDecay,20,2.449755e0
GD-WeightDecay,23,2.523335e0
GD-WeightDecay,2,1.766680e0
GD-WeightDecay,5,1.766680e0
GD-WeightDecay,8,1.740209e0
GD-WeightDecay,10,1.635368e0
GD-WeightDecay,2,1.998795e0
GD-WeightDecay,5,1.998795e0
GD-WeightDecay,8,1.950337e0
GD-WeightDecay,11,1.802919e0
GD-WeightDecay,13,1.637924e0
GD-WeightDecay,2,2.023288e0
GD-WeightDecay,5,2.023288e0
GD-WeightDecay,8,2.136351e0
GD-WeightDecay,11,2.106269e0
GD-WeightDecay,14,2.133128e0
GD-WeightDecay,17,2.067053e0
GD-WeightDecay,20,1.923199e0
GD-WeightDecay,23,1.960336e0
GD-WeightDecay,26,2.068300e0
GD-WeightDecay,29,2.179078e0
GD-WeightDecay,32,2.334806e0
GD-WeightDecay,35,2.350546e0
GD-WeightDecay,2,1.741818e0
GD-WeightDecay,5,1.741818e0
GD-WeightDecay,8,1.685656e0
GD-WeightDecay,10,1.628901e0
GD-WeightDecay,2,2.080263e0
GD-WeightDecay,5,2.080263e0
GD-WeightDecay,8,2.228767e0
GD-WeightDecay,11,2.354678e0
GD-WeightDecay,14,2.365850e0
GD-WeightDecay,17,2.514806e0
GD-WeightDecay,2,2.069189e0
GD-WeightDecay,5,2.069189e0
GD-WeightDecay,8,2.088848e0
GD-WeightDecay,11,2.145505e0
GD-WeightDecay,14,2.292468e0
GD-WeightDecay,17,2.314346e0
GD-WeightDecay,2,2.165009e0
GD-WeightDecay,5,2.165009e0
GD-WeightDecay,8,2.059373e0
GD-WeightDecay,11,2.003048e0
GD-WeightDecay,14,2.006243e0
GD-WeightDecay,17,2.151787e0
GD-WeightDecay,20,2.408434e0
GD-WeightDecay,23,2.664619e0
GD-WeightDecay,26,2.800556e0
GD-WeightDecay,2,2.370993e0
GD-WeightDecay,5,2.370993e0
GD-WeightDecay,8,2.231700e0
GD-WeightDecay,11,2.287865e0
GD-WeightDecay,14,2.478525e0
GD-WeightDecay,17,2.754251e0
GD-WeightDecay,20,2.913966e0
GD-WeightDecay,23,2.926825e0
GD-WeightDecay,2,2.417335e0
GD-WeightDecay,5,2.417335e0
GD-WeightDecay,8,2.258668e0
GD-WeightDecay,11,2.232135e0
GD-WeightDecay,14,2.289546e0
GD-WeightDecay,17,2.373976e0
GD-WeightDecay,20,2.327634e0
GD-WeightDecay,23,2.260633e0
GD-WeightDecay,26,2.314865e0
GD-AdaptiveMomentum,2,2.408850e0
GD-AdaptiveMomentum,5,2.408850e0
GD-AdaptiveMomentum,8,2.515446e0
GD-AdaptiveMomentum,11,2.836673e0
GD-AdaptiveMomentum,14,2.868918e0
GD-AdaptiveMomentum,17,3.158549e0
GD-AdaptiveMomentum,2,2.339771e0
GD-AdaptiveMomentum,5,2.339771e0
GD-AdaptiveMomentum,8,2.262599e0
GD-AdaptiveMomentum,11,2.367779e0
GD-AdaptiveMomentum,14,2.190718e0
GD-AdaptiveMomentum,17,2.004300e0
GD-AdaptiveMomentum,20,2.053033e0
GD-AdaptiveMomentum,23,1.831643e0
GD-AdaptiveMomentum,26,1.843530e0
GD-AdaptiveMomentum,29,1.928368e0
GD-AdaptiveMomentum,32,1.948916e0
GD-AdaptiveMomentum,35,2.043056e0
GD-AdaptiveMomentum,38,2.229313e0
GD-AdaptiveMomentum,2,1.839415e0
GD-AdaptiveMomentum,5,1.839415e0
GD-AdaptiveMomentum,8,1.815107e0
GD-AdaptiveMomentum,11,1.959246e0
GD-AdaptiveMomentum,14,2.053941e0
GD-AdaptiveMomentum,17,1.953722e0
GD-AdaptiveMomentum,20,2.054500e0
GD-AdaptiveMomentum,23,1.877528e0
GD-AdaptiveMomentum,2,2.025828e0
GD-AdaptiveMomentum,5,2.025828e0
GD-AdaptiveMomentum,8,2.100315e0
GD-AdaptiveMomentum,11,2.347865e0
GD-AdaptiveMomentum,14,2.389453e0
GD-AdaptiveMomentum,17,2.429860e0
GD-AdaptiveMomentum,2,2.320339e0
GD-AdaptiveMomentum,5,2.320339e0
GD-AdaptiveMomentum,8,2.443288e0
GD-AdaptiveMomentum,11,2.572628e0
GD-AdaptiveMomentum,14,2.915241e0
GD-AdaptiveMomentum,17,3.330624e0
GD-AdaptiveMomentum,2,1.773041e0
GD-AdaptiveMomentum,5,1.773041e0
GD-AdaptiveMomentum,8,1.876568e0
GD-AdaptiveMomentum,11,2.191838e0
GD-AdaptiveMomentum,14,2.440662e0
GD-AdaptiveMomentum,17,2.557906e0
GD-AdaptiveMomentum,2,2.528786e0
GD-AdaptiveMomentum,5,2.528786e0
GD-AdaptiveMomentum,8,2.423342e0
GD-AdaptiveMomentum,11,2.546077e0
GD-AdaptiveMomentum,14,2.646842e0
GD-AdaptiveMomentum,17,2.938780e0
GD-AdaptiveMomentum,20,2.902470e0
GD-AdaptiveMomentum,23,3.249652e0
GD-AdaptiveMomentum,2,2.002360e0
GD-AdaptiveMomentum,5,2.002360e0
GD-AdaptiveMomentum,8,1.900420e0
GD-AdaptiveMomentum,11,1.769393e0
GD-AdaptiveMomentum,14,1.778724e0
GD-AdaptiveMomentum,16,1.535041e0
GD-AdaptiveMomentum,2,1.720016e0
GD-AdaptiveMomentum,5,1.720016e0
GD-AdaptiveMomentum,7,1.641938e0
GD-AdaptiveMomentum,2,2.216326e0
GD-AdaptiveMomentum,5,2.216326e0
GD-AdaptiveMomentum,8,2.191980e0
GD-AdaptiveMomentum,11,1.938906e0
GD-AdaptiveMomentum,14,1.754031e0
GD-AdaptiveMomentum,16,1.454265e0
GD-AdaptiveMomentum,2,2.181173e0
GD-AdaptiveMomentum,5,2.181173e0
GD-AdaptiveMomentum,8,2.204920e0
GD-AdaptiveMomentum,11,2.182648e0
GD-AdaptiveMomentum,14,2.330005e0
GD-AdaptiveMomentum,17,2.397614e0
GD-AdaptiveMomentum,2,1.957236e0
GD-AdaptiveMomentum,5,1.957236e0
GD-AdaptiveMomentum,8,2.043117e0
GD-AdaptiveMomentum,11,2.017921e0
GD-AdaptiveMomentum,14,2.145424e0
GD-AdaptiveMomentum,17,2.445211e0
GD-AdaptiveMomentum,2,2.069152e0
GD-AdaptiveMomentum,5,2.069152e0
GD-AdaptiveMomentum,8,2.010372e0
GD-AdaptiveMomentum,11,2.134500e0
GD-AdaptiveMomentum,14,2.170017e0
GD-AdaptiveMomentum,17,2.079946e0
GD-AdaptiveMomentum,20,1.932526e0
GD-AdaptiveMomentum,23,2.002597e0
GD-AdaptiveMomentum,26,1.820340e0
GD-AdaptiveMomentum,28,1.579715e0
GD-AdaptiveMomentum,2,2.187628e0
GD-AdaptiveMomentum,5,2.187628e0
GD-AdaptiveMomentum,8,2.081200e0
GD-AdaptiveMomentum,11,1.848783e0
GD-AdaptiveMomentum,13,1.562841e0
GD-AdaptiveMomentum,2,2.297202e0
GD-AdaptiveMomentum,5,2.297202e0
GD-AdaptiveMomentum,8,2.264695e0
GD-AdaptiveMomentum,11,2.448917e0
GD-AdaptiveMomentum,14,2.423865e0
GD-AdaptiveMomentum,17,2.689997e0
GD-AdaptiveMomentum,20,2.717374e0
GD-AdaptiveMomentum,23,2.574130e0
GD-AdaptiveMomentum,2,1.669121e0
GD-AdaptiveMomentum,5,1.669121e0
GD-AdaptiveMomentum,7,1.579905e0
Adam-Fast,2,2.237177e0
Adam-Fast,6,2.237177e0
Adam-Fast,10,2.679289e0
Adam-Fast,14,2.742832e0
Adam-Fast,18,2.913581e0
Adam-Fast,22,3.188055e0
Adam-Fast,2,1.915899e0
Adam-Fast,6,1.915899e0
Adam-Fast,10,2.319529e0
Adam-Fast,14,2.336608e0
Adam-Fast,18,2.403074e0
Adam-Fast,22,2.533691e0
Adam-Fast,2,1.889235e0
Adam-Fast,6,1.889235e0
Adam-Fast,10,1.868391e0
Adam-Fast,14,1.877890e0
Adam-Fast,18,1.840640e0
Adam-Fast,22,1.861671e0
Adam-Fast,26,1.950275e0
Adam-Fast,30,2.045372e0
Adam-Fast,34,2.078355e0
Adam-Fast,38,2.054674e0
Adam-Fast,2,2.235342e0
Adam-Fast,6,2.235342e0
Adam-Fast,10,1.840620e0
Adam-Fast,12,1.556449e0
Adam-Fast,2,1.767117e0
Adam-Fast,6,1.767117e0
Adam-Fast,10,1.767410e0
Adam-Fast,14,1.814371e0
Adam-Fast,18,1.741634e0
Adam-Fast,20,1.610618e0
Adam-Fast,2,2.337485e0
Adam-Fast,6,2.337485e0
Adam-Fast,10,2.302084e0
Adam-Fast,14,2.490123e0
Adam-Fast,18,2.578612e0
Adam-Fast,22,2.509923e0
Adam-Fast,26,2.345270e0
Adam-Fast,30,2.153004e0
Adam-Fast,34,1.906707e0
Adam-Fast,38,1.797082e0
Adam-Fast,42,1.748040e0
Adam-Fast,46,1.670975e0
Adam-Fast,48,1.586914e0
Adam-Fast,2,2.031684e0
Adam-Fast,6,2.031684e0
Adam-Fast,10,2.471880e0
Adam-Fast,14,2.898200e0
Adam-Fast,18,3.364262e0
Adam-Fast,22,3.874456e0
Adam-Fast,2,1.930848e0
Adam-Fast,6,1.930848e0
Adam-Fast,10,1.973587e0
Adam-Fast,14,2.170269e0
Adam-Fast,18,2.344632e0
Adam-Fast,22,2.353548e0
Adam-Fast,2,1.809652e0
Adam-Fast,6,1.809652e0
Adam-Fast,10,1.811512e0
Adam-Fast,14,1.964420e0
Adam-Fast,18,2.091314e0
Adam-Fast,22,2.078446e0
Adam-Fast,2,1.827452e0
Adam-Fast,6,1.827452e0
Adam-Fast,10,1.848363e0
Adam-Fast,14,2.180432e0
Adam-Fast,18,2.265383e0
Adam-Fast,22,2.207982e0
Adam-Fast,2,2.029932e0
Adam-Fast,6,2.029932e0
Adam-Fast,10,2.050469e0
Adam-Fast,14,1.819861e0
Adam-Fast,18,1.799425e0
Adam-Fast,22,1.914833e0
Adam-Fast,26,2.024195e0
Adam-Fast,30,2.191049e0
Adam-Fast,34,2.291493e0
Adam-Fast,38,2.400363e0
Adam-Fast,2,1.985396e0
Adam-Fast,6,1.985396e0
Adam-Fast,8,1.613526e0
Adam-Fast,2,1.982482e0
Adam-Fast,6,1.982482e0
Adam-Fast,10,1.968628e0
Adam-Fast,14,2.149835e0
Adam-Fast,18,2.248753e0
Adam-Fast,22,2.427533e0
Adam-Fast,26,2.595325e0
Adam-Fast,30,2.836856e0
Adam-Fast,2,2.310299e0
Adam-Fast,6,2.310299e0
Adam-Fast,10,1.913987e0
Adam-Fast,12,1.571056e0
Adam-Fast,2,1.817751e0
Adam-Fast,6,1.817751e0
Adam-Fast,10,1.787794e0
Adam-Fast,14,1.834802e0
Adam-Fast,18,1.953747e0
Adam-Fast,22,2.154113e0
Adam-Fast,26,2.303731e0
Adam-Fast,30,2.338484e0
Adam-Fast,2,2.116743e0
Adam-Fast,6,2.116743e0
Adam-Fast,10,1.721162e0
Adam-Fast,12,1.532565e0
Adam-Fast,2,2.120089e0
Adam-Fast,6,2.120089e0
Adam-Fast,10,2.560520e0
Adam-Fast,14,2.767542e0
Adam-Fast,18,2.693163e0
Adam-Fast,22,2.532224e0
Adam-Fast,2,1.890010e0
Adam-Fast,6,1.890010e0
Adam-Fast,10,2.302485e0
Adam-Fast,14,2.696951e0
Adam-Fast,18,2.849327e0
Adam-Fast,22,2.851917e0
Adam-Fast,2,1.757532e0
Adam-Fast,6,1.757532e0
Adam-Fast,8,1.403708e0
Adam,2,1.733712e0
Adam,6,1.733712e0
Adam,10,1.739750e0
Adam,14,1.741943e0
Adam,18,1.727359e0
Adam,22,1.739567e0
Adam,26,1.732315e0
Adam,30,1.725183e0
Adam,34,1.740279e0
Adam,38,1.729258e0
Adam,42,1.741339e0
Adam,46,1.737836e0
Adam,50,1.736512e0
Adam,2,1.973675e0
Adam,6,1.973675e0
Adam,10,1.964910e0
Adam,14,1.967727e0
Adam,18,1.979351e0
Adam,22,1.970159e0
Adam,26,1.975739e0
Adam,30,1.983274e0
Adam,2,2.380972e0
Adam,6,2.380972e0
Adam,10,2.365933e0
Adam,14,2.362621e0
Adam,18,2.358018e0
Adam,22,2.354288e0
Adam,26,2.358670e0
Adam,30,2.359323e0
Adam,34,2.360265e0
Adam,38,2.361341e0
Adam,42,2.354317e0
Adam,46,2.349150e0
Adam,50,2.355826e0
Adam,54,2.343227e0
Adam,58,2.341203e0
Adam,62,2.334800e0
Adam,66,2.342584e0
Adam,70,2.334771e0
Adam,74,2.331589e0
Adam,78,2.344010e0
Adam,82,2.334982e0
Adam,86,2.336361e0
Adam,90,2.326484e0
Adam,94,2.336441e0
Adam,98,2.333084e0
Adam,102,2.325476e0
Adam,106,2.329659e0
Adam,110,2.332447e0
Adam,114,2.329538e0
Adam,118,2.335999e0
Adam,122,2.328306e0
Adam,2,2.054796e0
Adam,6,2.054796e0
Adam,10,2.046752e0
Adam,14,2.051034e0
Adam,18,2.044119e0
Adam,22,2.055210e0
Adam,26,2.044316e0
Adam,30,2.055703e0
Adam,34,2.052545e0
Adam,38,2.050316e0
Adam,2,2.059841e0
Adam,6,2.059841e0
Adam,10,2.067663e0
Adam,14,2.074082e0
Adam,18,2.056545e0
Adam,22,2.067875e0
Adam,26,2.057664e0
Adam,30,2.065990e0
Adam,34,2.056570e0
Adam,38,2.067381e0
Adam,42,2.056205e0
Adam,46,2.058997e0
Adam,50,2.064664e0
Adam,54,2.064088e0
Adam,58,2.063729e0
Adam,62,2.065941e0
Adam,2,2.125489e0
Adam,6,2.125489e0
Adam,10,2.109598e0
Adam,14,2.115569e0
Adam,18,2.116165e0
Adam,22,2.125898e0
Adam,26,2.114782e0
Adam,30,2.114058e0
Adam,2,1.713125e0
Adam,6,1.713125e0
Adam,10,1.715117e0
Adam,14,1.716392e0
Adam,18,1.720339e0
Adam,22,1.710565e0
Adam,26,1.710171e0
Adam,30,1.712864e0
Adam,34,1.711840e0
Adam,38,1.719274e0
Adam,42,1.714557e0
Adam,46,1.724537e0
Adam,2,2.079537e0
Adam,6,2.079537e0
Adam,10,2.067608e0
Adam,14,2.068951e0
Adam,18,2.072338e0
Adam,22,2.068462e0
Adam,26,2.066371e0
Adam,30,2.068689e0
Adam,34,2.072465e0
Adam,38,2.072355e0
Adam,42,2.061129e0
Adam,46,2.068421e0
Adam,50,2.058303e0
Adam,54,2.060565e0
Adam,58,2.069671e0
Adam,62,2.057706e0
Adam,66,2.061659e0
Adam,70,2.063225e0
Adam,74,2.068391e0
Adam,78,2.062517e0
Adam,82,2.054815e0
Adam,86,2.065381e0
Adam,90,2.060214e0
Adam,94,2.057280e0
Adam,98,2.066353e0
Adam,102,2.056425e0
Adam,2,2.313746e0
Adam,6,2.313746e0
Adam,10,2.328080e0
Adam,14,2.322153e0
Adam,18,2.319707e0
Adam,22,2.327798e0
Adam,2,2.437130e0
Adam,6,2.437130e0
Adam,10,2.420290e0
Adam,14,2.440010e0
Adam,18,2.432794e0
Adam,22,2.427249e0
Adam,26,2.435933e0
Adam,30,2.442566e0
Adam,2,2.250887e0
Adam,6,2.250887e0
Adam,10,2.235906e0
Adam,14,2.236323e0
Adam,18,2.251751e0
Adam,22,2.256092e0
Adam,26,2.255270e0
Adam,30,2.253674e0
Adam,2,2.173978e0
Adam,6,2.173978e0
Adam,10,2.176340e0
Adam,14,2.177794e0
Adam,18,2.181702e0
Adam,22,2.169349e0
Adam,26,2.166432e0
Adam,30,2.177477e0
Adam,34,2.165313e0
Adam,38,2.180583e0
Adam,42,2.167461e0
Adam,46,2.181112e0
Adam,50,2.178879e0
Adam,54,2.177859e0
Adam,2,2.054361e0
Adam,6,2.054361e0
Adam,10,2.044138e0
Adam,14,2.037953e0
Adam,18,2.044134e0
Adam,22,2.028103e0
Adam,26,2.046032e0
Adam,30,2.040891e0
Adam,34,2.028245e0
Adam,38,2.031307e0
Adam,42,2.023685e0
Adam,46,2.039670e0
Adam,50,2.025473e0
Adam,54,2.026133e0
Adam,58,2.036440e0
Adam,62,2.026416e0
Adam,2,2.587714e0
Adam,6,2.587714e0
Adam,10,2.593135e0
Adam,14,2.600675e0
Adam,18,2.595536e0
Adam,22,2.603118e0
Adam,2,2.276326e0
Adam,6,2.276326e0
Adam,10,2.268171e0
Adam,14,2.274815e0
Adam,18,2.264505e0
Adam,22,2.263721e0
Adam,26,2.258374e0
Adam,30,2.263227e0
Adam,34,2.266917e0
Adam,38,2.275425e0
Adam,42,2.270136e0
Adam,46,2.278169e0
Adam,2,1.743500e0
Adam,6,1.743500e0
Adam,10,1.758606e0
Adam,14,1.744531e0
Adam,18,1.755647e0
Adam,22,1.744020e0
Adam,2,2.298670e0
Adam,6,2.298670e0
Adam,10,2.300471e0
Adam,14,2.306774e0
Adam,18,2.307778e0
Adam,22,2.299646e0
Adam-AMSGrad,2,1.693786e0
Adam-AMSGrad,6,1.693786e0
Adam-AMSGrad,10,1.688134e0
Adam-AMSGrad,14,1.693353e0
Adam-AMSGrad,18,1.683623e0
Adam-AMSGrad,22,1.686665e0
Adam-AMSGrad,26,1.698305e0
Adam-AMSGrad,30,1.684010e0
Adam-AMSGrad,34,1.687699e0
Adam-AMSGrad,38,1.690113e0
Adam-AMSGrad,2,2.220743e0
Adam-AMSGrad,6,2.220743e0
Adam-AMSGrad,10,2.215504e0
Adam-AMSGrad,14,2.225029e0
Adam-AMSGrad,18,2.214248e0
Adam-AMSGrad,22,2.214350e0
Adam-AMSGrad,26,2.213168e0
Adam-AMSGrad,30,2.220350e0
Adam-AMSGrad,34,2.220255e0
Adam-AMSGrad,38,2.225757e0
Adam-AMSGrad,42,2.219329e0
Adam-AMSGrad,46,2.232728e0
Adam-AMSGrad,2,2.091148e0
Adam-AMSGrad,6,2.091148e0
Adam-AMSGrad,10,2.091675e0
Adam-AMSGrad,14,2.084284e0
Adam-AMSGrad,18,2.083634e0
Adam-AMSGrad,22,2.089421e0
Adam-AMSGrad,26,2.092310e0
Adam-AMSGrad,30,2.096074e0
Adam-AMSGrad,34,2.091599e0
Adam-AMSGrad,38,2.102878e0
Adam-AMSGrad,2,2.595179e0
Adam-AMSGrad,6,2.595179e0
Adam-AMSGrad,10,2.602178e0
Adam-AMSGrad,14,2.599927e0
Adam-AMSGrad,18,2.595285e0
Adam-AMSGrad,22,2.598942e0
Adam-AMSGrad,2,1.669528e0
Adam-AMSGrad,6,1.669528e0
Adam-AMSGrad,10,1.670059e0
Adam-AMSGrad,14,1.668825e0
Adam-AMSGrad,18,1.663789e0
Adam-AMSGrad,20,1.648820e0
Adam-AMSGrad,2,2.471553e0
Adam-AMSGrad,6,2.471553e0
Adam-AMSGrad,10,2.476314e0
Adam-AMSGrad,14,2.475023e0
Adam-AMSGrad,18,2.485724e0
Adam-AMSGrad,22,2.478776e0
Adam-AMSGrad,2,2.087346e0
Adam-AMSGrad,6,2.087346e0
Adam-AMSGrad,10,2.093314e0
Adam-AMSGrad,14,2.093614e0
Adam-AMSGrad,18,2.083464e0
Adam-AMSGrad,22,2.081251e0
Adam-AMSGrad,26,2.080118e0
Adam-AMSGrad,30,2.090065e0
Adam-AMSGrad,34,2.080705e0
Adam-AMSGrad,38,2.091239e0
Adam-AMSGrad,42,2.079228e0
Adam-AMSGrad,46,2.086287e0
Adam-AMSGrad,50,2.085905e0
Adam-AMSGrad,54,2.083570e0
Adam-AMSGrad,58,2.085891e0
Adam-AMSGrad,62,2.085405e0
Adam-AMSGrad,2,2.183385e0
Adam-AMSGrad,6,2.183385e0
Adam-AMSGrad,10,2.183726e0
Adam-AMSGrad,14,2.183255e0
Adam-AMSGrad,18,2.182858e0
Adam-AMSGrad,22,2.167494e0
Adam-AMSGrad,26,2.175685e0
Adam-AMSGrad,30,2.172526e0
Adam-AMSGrad,34,2.181637e0
Adam-AMSGrad,38,2.177205e0
Adam-AMSGrad,42,2.170479e0
Adam-AMSGrad,2,1.674038e0
Adam-AMSGrad,6,1.674038e0
Adam-AMSGrad,10,1.690963e0
Adam-AMSGrad,14,1.686662e0
Adam-AMSGrad,18,1.691382e0
Adam-AMSGrad,22,1.675050e0
Adam-AMSGrad,2,2.089915e0
Adam-AMSGrad,6,2.089915e0
Adam-AMSGrad,10,2.099748e0
Adam-AMSGrad,14,2.095884e0
Adam-AMSGrad,18,2.094710e0
Adam-AMSGrad,22,2.082794e0
Adam-AMSGrad,26,2.082349e0
Adam-AMSGrad,30,2.081843e0
Adam-AMSGrad,34,2.089810e0
Adam-AMSGrad,38,2.078362e0
Adam-AMSGrad,42,2.080665e0
Adam-AMSGrad,46,2.077396e0
Adam-AMSGrad,50,2.080320e0
Adam-AMSGrad,54,2.087617e0
Adam-AMSGrad,58,2.081723e0
Adam-AMSGrad,62,2.076117e0
Adam-AMSGrad,66,2.079298e0
Adam-AMSGrad,70,2.079084e0
Adam-AMSGrad,74,2.082398e0
Adam-AMSGrad,78,2.083580e0
Adam-AMSGrad,82,2.081107e0
Adam-AMSGrad,2,2.116513e0
Adam-AMSGrad,6,2.116513e0
Adam-AMSGrad,10,2.112071e0
Adam-AMSGrad,14,2.107506e0
Adam-AMSGrad,18,2.126674e0
Adam-AMSGrad,22,2.125892e0
Adam-AMSGrad,26,2.108135e0
Adam-AMSGrad,30,2.113888e0
Adam-AMSGrad,34,2.118365e0
Adam-AMSGrad,2,1.975455e0
Adam-AMSGrad,6,1.975455e0
Adam-AMSGrad,10,1.960248e0
Adam-AMSGrad,14,1.962453e0
Adam-AMSGrad,18,1.979506e0
Adam-AMSGrad,22,1.976208e0
Adam-AMSGrad,26,1.961415e0
Adam-AMSGrad,30,1.958061e0
Adam-AMSGrad,34,1.963315e0
Adam-AMSGrad,38,1.963245e0
Adam-AMSGrad,42,1.968156e0
Adam-AMSGrad,46,1.962812e0
Adam-AMSGrad,50,1.963410e0
Adam-AMSGrad,54,1.955698e0
Adam-AMSGrad,58,1.966252e0
Adam-AMSGrad,62,1.973316e0
Adam-AMSGrad,66,1.968463e0
Adam-AMSGrad,70,1.957652e0
Adam-AMSGrad,74,1.972318e0
Adam-AMSGrad,78,1.953571e0
Adam-AMSGrad,82,1.963253e0
Adam-AMSGrad,86,1.952851e0
Adam-AMSGrad,90,1.968213e0
Adam-AMSGrad,94,1.958805e0
Adam-AMSGrad,98,1.962374e0
Adam-AMSGrad,102,1.966590e0
Adam-AMSGrad,106,1.964912e0
Adam-AMSGrad,2,1.803505e0
Adam-AMSGrad,6,1.803505e0
Adam-AMSGrad,10,1.815264e0
Adam-AMSGrad,14,1.800504e0
Adam-AMSGrad,18,1.809704e0
Adam-AMSGrad,22,1.801094e0
Adam-AMSGrad,26,1.816531e0
Adam-AMSGrad,30,1.799233e0
Adam-AMSGrad,34,1.815038e0
Adam-AMSGrad,38,1.812164e0
Adam-AMSGrad,42,1.804263e0
Adam-AMSGrad,46,1.799533e0
Adam-AMSGrad,50,1.797432e0
Adam-AMSGrad,54,1.801485e0
Adam-AMSGrad,58,1.800253e0
Adam-AMSGrad,62,1.798102e0
Adam-AMSGrad,66,1.808150e0
Adam-AMSGrad,70,1.811706e0
Adam-AMSGrad,2,2.145628e0
Adam-AMSGrad,6,2.145628e0
Adam-AMSGrad,10,2.154148e0
Adam-AMSGrad,14,2.148123e0
Adam-AMSGrad,18,2.149066e0
Adam-AMSGrad,22,2.156546e0
Adam-AMSGrad,2,2.141927e0
Adam-AMSGrad,6,2.141927e0
Adam-AMSGrad,10,2.152733e0
Adam-AMSGrad,14,2.136150e0
Adam-AMSGrad,18,2.150405e0
Adam-AMSGrad,22,2.152804e0
Adam-AMSGrad,26,2.151121e0
Adam-AMSGrad,30,2.148360e0
Adam-AMSGrad,34,2.145758e0
Adam-AMSGrad,2,1.941227e0
Adam-AMSGrad,6,1.941227e0
Adam-AMSGrad,10,1.936740e0
Adam-AMSGrad,14,1.953250e0
Adam-AMSGrad,18,1.951572e0
Adam-AMSGrad,22,1.940322e0
Adam-AMSGrad,26,1.947216e0
Adam-AMSGrad,30,1.943921e0
Adam-AMSGrad,2,2.574735e0
Adam-AMSGrad,6,2.574735e0
Adam-AMSGrad,10,2.590501e0
Adam-AMSGrad,14,2.582270e0
Adam-AMSGrad,18,2.572158e0
Adam-AMSGrad,22,2.568142e0
Adam-AMSGrad,26,2.576631e0
Adam-AMSGrad,30,2.566241e0
Adam-AMSGrad,34,2.574405e0
Adam-AMSGrad,38,2.561468e0
Adam-AMSGrad,42,2.566780e0
Adam-AMSGrad,46,2.568138e0
Adam-AMSGrad,50,2.555494e0
Adam-AMSGrad,54,2.567005e0
Adam-AMSGrad,58,2.554799e0
Adam-AMSGrad,62,2.566775e0
Adam-AMSGrad,66,2.566922e0
Adam-AMSGrad,70,2.556193e0
Adam-AMSGrad,74,2.560817e0
Adam-AMSGrad,78,2.549264e0
Adam-AMSGrad,82,2.541965e0
Adam-AMSGrad,86,2.541679e0
Adam-AMSGrad,90,2.540069e0
Adam-AMSGrad,94,2.540337e0
Adam-AMSGrad,98,2.554773e0
Adam-AMSGrad,102,2.544264e0
Adam-AMSGrad,106,2.555838e0
Adam-AMSGrad,110,2.542410e0
Adam-AMSGrad,114,2.539099e0
Adam-AMSGrad,118,2.545279e0
Adam-AMSGrad,122,2.543637e0
Adam-AMSGrad,126,2.541235e0
Adam-AMSGrad,130,2.558629e0
Adam-AMSGrad,134,2.541845e0
Adam-AMSGrad,2,2.318087e0
Adam-AMSGrad,6,2.318087e0
Adam-AMSGrad,10,2.323970e0
Adam-AMSGrad,14,2.305407e0
Adam-AMSGrad,18,2.317799e0
Adam-AMSGrad,22,2.303692e0
Adam-AMSGrad,26,2.307452e0
Adam-AMSGrad,30,2.303880e0
Adam-AMSGrad,34,2.304495e0
Adam-AMSGrad,38,2.310602e0
Adam-AMSGrad,42,2.309713e0
Adam-AMSGrad,46,2.290289e0
Adam-AMSGrad,50,2.303642e0
Adam-AMSGrad,54,2.300284e0
Adam-AMSGrad,58,2.286249e0
Adam-AMSGrad,62,2.296134e0
Adam-AMSGrad,66,2.292629e0
Adam-AMSGrad,70,2.288616e0
Adam-AMSGrad,74,2.288315e0
Adam-AMSGrad,78,2.281827e0
Adam-AMSGrad,82,2.280614e0
Adam-AMSGrad,86,2.290846e0
Adam-AMSGrad,90,2.290993e0
Adam-AMSGrad,94,2.280763e0
Adam-AMSGrad,98,2.294284e0
Adam-AMSGrad,102,2.279481e0
Adam-AMSGrad,106,2.280938e0
Adam-AMSGrad,110,2.292019e0
Adam-AMSGrad,114,2.277028e0
Adam-AMSGrad,118,2.285180e0
Adam-AMSGrad,122,2.294892e0
Adam-AMSGrad,126,2.288444e0
Adam-AMSGrad,130,2.282839e0
Adam-AMSGrad,134,2.296507e0
Adam-WeightDecay,2,2.168317e0
Adam-WeightDecay,6,2.168317e0
Adam-WeightDecay,10,2.187066e0
Adam-WeightDecay,14,2.177338e0
Adam-WeightDecay,18,2.187756e0
Adam-WeightDecay,22,2.191297e0
Adam-WeightDecay,2,2.702695e0
Adam-WeightDecay,6,2.702695e0
Adam-WeightDecay,10,2.690098e0
Adam-WeightDecay,14,2.692346e0
Adam-WeightDecay,18,2.684349e0
Adam-WeightDecay,22,2.682644e0
Adam-WeightDecay,26,2.688203e0
Adam-WeightDecay,30,2.686073e0
Adam-WeightDecay,34,2.686646e0
Adam-WeightDecay,38,2.693058e0
Adam-WeightDecay,42,2.696690e0
Adam-WeightDecay,2,2.122310e0
Adam-WeightDecay,6,2.122310e0
Adam-WeightDecay,10,2.104700e0
Adam-WeightDecay,14,2.111798e0
Adam-WeightDecay,18,2.094367e0
Adam-WeightDecay,22,2.093134e0
Adam-WeightDecay,26,2.078753e0
Adam-WeightDecay,30,2.067429e0
Adam-WeightDecay,34,2.064348e0
Adam-WeightDecay,38,2.069811e0
Adam-WeightDecay,42,2.056637e0
Adam-WeightDecay,46,2.061046e0
Adam-WeightDecay,50,2.053483e0
Adam-WeightDecay,54,2.058267e0
Adam-WeightDecay,58,2.055312e0
Adam-WeightDecay,62,2.044407e0
Adam-WeightDecay,66,2.049236e0
Adam-WeightDecay,70,2.042127e0
Adam-WeightDecay,74,2.039148e0
Adam-WeightDecay,78,2.031584e0
Adam-WeightDecay,82,2.033467e0
Adam-WeightDecay,86,2.044055e0
Adam-WeightDecay,90,2.042867e0
Adam-WeightDecay,94,2.034439e0
Adam-WeightDecay,98,2.042688e0
Adam-WeightDecay,102,2.027463e0
Adam-WeightDecay,106,2.036790e0
Adam-WeightDecay,110,2.028478e0
Adam-WeightDecay,114,2.044413e0
Adam-WeightDecay,118,2.043820e0
Adam-WeightDecay,122,2.031876e0
Adam-WeightDecay,2,2.145590e0
Adam-WeightDecay,6,2.145590e0
Adam-WeightDecay,10,2.141651e0
Adam-WeightDecay,14,2.143575e0
Adam-WeightDecay,18,2.132063e0
Adam-WeightDecay,22,2.123114e0
Adam-WeightDecay,26,2.125634e0
Adam-WeightDecay,30,2.114746e0
Adam-WeightDecay,34,2.118268e0
Adam-WeightDecay,38,2.105680e0
Adam-WeightDecay,42,2.108472e0
Adam-WeightDecay,46,2.092766e0
Adam-WeightDecay,50,2.103099e0
Adam-WeightDecay,54,2.087799e0
Adam-WeightDecay,58,2.078647e0
Adam-WeightDecay,62,2.082800e0
Adam-WeightDecay,66,2.079176e0
Adam-WeightDecay,70,2.072907e0
Adam-WeightDecay,74,2.071652e0
Adam-WeightDecay,78,2.083883e0
Adam-WeightDecay,82,2.075474e0
Adam-WeightDecay,86,2.081726e0
Adam-WeightDecay,90,2.081912e0
Adam-WeightDecay,94,2.075094e0
Adam-WeightDecay,2,2.186186e0
Adam-WeightDecay,6,2.186186e0
Adam-WeightDecay,10,2.180444e0
Adam-WeightDecay,14,2.170516e0
Adam-WeightDecay,18,2.173791e0
Adam-WeightDecay,22,2.173547e0
Adam-WeightDecay,26,2.165606e0
Adam-WeightDecay,30,2.168873e0
Adam-WeightDecay,34,2.163662e0
Adam-WeightDecay,38,2.145911e0
Adam-WeightDecay,42,2.146476e0
Adam-WeightDecay,46,2.153495e0
Adam-WeightDecay,50,2.140645e0
Adam-WeightDecay,54,2.145403e0
Adam-WeightDecay,58,2.141461e0
Adam-WeightDecay,62,2.141818e0
Adam-WeightDecay,66,2.132447e0
Adam-WeightDecay,70,2.145665e0
Adam-WeightDecay,74,2.141109e0
Adam-WeightDecay,78,2.136541e0
Adam-WeightDecay,82,2.143336e0
Adam-WeightDecay,86,2.139683e0
Adam-WeightDecay,2,1.751955e0
Adam-WeightDecay,6,1.751955e0
Adam-WeightDecay,10,1.750808e0
Adam-WeightDecay,14,1.759384e0
Adam-WeightDecay,18,1.762893e0
Adam-WeightDecay,22,1.761099e0
Adam-WeightDecay,26,1.753539e0
Adam-WeightDecay,30,1.755326e0
Adam-WeightDecay,2,1.833850e0
Adam-WeightDecay,6,1.833850e0
Adam-WeightDecay,10,1.842924e0
Adam-WeightDecay,14,1.833870e0
Adam-WeightDecay,18,1.847626e0
Adam-WeightDecay,22,1.847356e0
Adam-WeightDecay,2,2.087787e0
Adam-WeightDecay,6,2.087787e0
Adam-WeightDecay,10,2.086975e0
Adam-WeightDecay,14,2.087830e0
Adam-WeightDecay,18,2.112475e0
Adam-WeightDecay,22,2.113645e0
Adam-WeightDecay,26,2.110916e0
Adam-WeightDecay,30,2.106220e0
Adam-WeightDecay,2,2.186291e0
Adam-WeightDecay,6,2.186291e0
Adam-WeightDecay,10,2.179801e0
Adam-WeightDecay,14,2.187941e0
Adam-WeightDecay,18,2.177912e0
Adam-WeightDecay,22,2.160815e0
Adam-WeightDecay,26,2.177438e0
Adam-WeightDecay,30,2.171890e0
Adam-WeightDecay,34,2.167337e0
Adam-WeightDecay,38,2.168360e0
Adam-WeightDecay,42,2.162345e0
Adam-WeightDecay,46,2.153315e0
Adam-WeightDecay,50,2.151004e0
Adam-WeightDecay,54,2.134721e0
Adam-WeightDecay,58,2.140891e0
Adam-WeightDecay,62,2.130096e0
Adam-WeightDecay,66,2.127080e0
Adam-WeightDecay,70,2.131941e0
Adam-WeightDecay,74,2.135069e0
Adam-WeightDecay,78,2.125562e0
Adam-WeightDecay,82,2.127860e0
Adam-WeightDecay,86,2.127131e0
Adam-WeightDecay,90,2.113548e0
Adam-WeightDecay,94,2.123195e0
Adam-WeightDecay,98,2.112399e0
Adam-WeightDecay,102,2.119376e0
Adam-WeightDecay,106,2.122923e0
Adam-WeightDecay,110,2.120665e0
Adam-WeightDecay,114,2.107793e0
Adam-WeightDecay,118,2.111721e0
Adam-WeightDecay,122,2.115018e0
Adam-WeightDecay,126,2.119349e0
Adam-WeightDecay,130,2.117159e0
Adam-WeightDecay,134,2.109741e0
Adam-WeightDecay,2,2.214735e0
Adam-WeightDecay,6,2.214735e0
Adam-WeightDecay,10,2.215765e0
Adam-WeightDecay,14,2.205195e0
Adam-WeightDecay,18,2.203190e0
Adam-WeightDecay,22,2.200037e0
Adam-WeightDecay,26,2.191775e0
Adam-WeightDecay,30,2.202165e0
Adam-WeightDecay,34,2.190373e0
Adam-WeightDecay,38,2.192541e0
Adam-WeightDecay,42,2.186399e0
Adam-WeightDecay,46,2.179053e0
Adam-WeightDecay,50,2.178343e0
Adam-WeightDecay,54,2.174398e0
Adam-WeightDecay,58,2.165423e0
Adam-WeightDecay,62,2.160576e0
Adam-WeightDecay,66,2.174358e0
Adam-WeightDecay,70,2.170458e0
Adam-WeightDecay,74,2.170100e0
Adam-WeightDecay,78,2.159621e0
Adam-WeightDecay,82,2.154474e0
Adam-WeightDecay,86,2.153058e0
Adam-WeightDecay,90,2.154815e0
Adam-WeightDecay,94,2.164098e0
Adam-WeightDecay,98,2.149716e0
Adam-WeightDecay,102,2.149182e0
Adam-WeightDecay,106,2.153042e0
Adam-WeightDecay,110,2.154631e0
Adam-WeightDecay,114,2.152991e0
Adam-WeightDecay,118,2.149435e0
Adam-WeightDecay,122,2.156305e0
Adam-WeightDecay,126,2.135290e0
Adam-WeightDecay,130,2.139381e0
Adam-WeightDecay,134,2.141456e0
Adam-WeightDecay,138,2.136262e0
Adam-WeightDecay,142,2.134407e0
Adam-WeightDecay,146,2.127766e0
Adam-WeightDecay,150,2.132861e0
Adam-WeightDecay,154,2.133719e0
Adam-WeightDecay,158,2.117870e0
Adam-WeightDecay,162,2.117856e0
Adam-WeightDecay,166,2.102454e0
Adam-WeightDecay,170,2.114994e0
Adam-WeightDecay,174,2.100143e0
Adam-WeightDecay,178,2.099695e0
Adam-WeightDecay,182,2.107574e0
Adam-WeightDecay,186,2.092763e0
Adam-WeightDecay,190,2.091202e0
Adam-WeightDecay,194,2.099988e0
Adam-WeightDecay,198,2.105328e0
Adam-WeightDecay,202,2.111388e0
Adam-WeightDecay,206,2.113340e0
Adam-WeightDecay,210,2.110561e0
Adam-WeightDecay,2,2.321945e0
Adam-WeightDecay,6,2.321945e0
Adam-WeightDecay,10,2.315143e0
Adam-WeightDecay,14,2.329062e0
Adam-WeightDecay,18,2.317289e0
Adam-WeightDecay,22,2.313763e0
Adam-WeightDecay,26,2.320313e0
Adam-WeightDecay,30,2.320010e0
Adam-WeightDecay,34,2.324713e0
Adam-WeightDecay,38,2.329819e0
Adam-WeightDecay,42,2.323278e0
Adam-WeightDecay,2,2.467586e0
Adam-WeightDecay,6,2.467586e0
Adam-WeightDecay,10,2.469795e0
Adam-WeightDecay,14,2.458542e0
Adam-WeightDecay,18,2.457590e0
Adam-WeightDecay,22,2.466253e0
Adam-WeightDecay,26,2.467350e0
Adam-WeightDecay,30,2.446030e0
Adam-WeightDecay,34,2.441501e0
Adam-WeightDecay,38,2.441885e0
Adam-WeightDecay,42,2.452078e0
Adam-WeightDecay,46,2.452219e0
Adam-WeightDecay,50,2.432358e0
Adam-WeightDecay,54,2.438333e0
Adam-WeightDecay,58,2.436687e0
Adam-WeightDecay,62,2.426274e0
Adam-WeightDecay,66,2.423116e0
Adam-WeightDecay,70,2.438021e0
Adam-WeightDecay,74,2.428178e0
Adam-WeightDecay,78,2.422044e0
Adam-WeightDecay,82,2.419409e0
Adam-WeightDecay,86,2.427834e0
Adam-WeightDecay,90,2.426294e0
Adam-WeightDecay,94,2.440368e0
Adam-WeightDecay,98,2.433075e0
Adam-WeightDecay,102,2.433078e0
Adam-WeightDecay,2,1.980634e0
Adam-WeightDecay,6,1.980634e0
Adam-WeightDecay,10,1.985970e0
Adam-WeightDecay,14,1.993512e0
Adam-WeightDecay,18,1.995353e0
Adam-WeightDecay,22,1.986298e0
Adam-WeightDecay,2,2.319789e0
Adam-WeightDecay,6,2.319789e0
Adam-WeightDecay,10,2.329921e0
Adam-WeightDecay,14,2.321448e0
Adam-WeightDecay,18,2.322827e0
Adam-WeightDecay,22,2.316232e0
Adam-WeightDecay,26,2.327797e0
Adam-WeightDecay,30,2.332038e0
Adam-WeightDecay,34,2.314906e0
Adam-WeightDecay,38,2.324792e0
Adam-WeightDecay,42,2.322707e0
Adam-WeightDecay,46,2.323902e0
Adam-WeightDecay,50,2.326813e0
Adam-WeightDecay,54,2.320759e0
Adam-WeightDecay,2,2.507494e0
Adam-WeightDecay,6,2.507494e0
Adam-WeightDecay,10,2.513622e0
Adam-WeightDecay,14,2.507279e0
Adam-WeightDecay,18,2.516430e0
Adam-WeightDecay,22,2.528016e0
Adam-WeightDecay,26,2.530941e0
Adam-WeightDecay,30,2.529481e0
Adam-WeightDecay,34,2.533136e0
Adam-Robust,2,2.109719e0
Adam-Robust,6,2.109719e0
Adam-Robust,10,2.098022e0
Adam-Robust,14,2.106614e0
Adam-Robust,18,2.076322e0
Adam-Robust,22,2.070031e0
Adam-Robust,26,2.074355e0
Adam-Robust,30,2.060557e0
Adam-Robust,34,2.054479e0
Adam-Robust,38,2.058577e0
Adam-Robust,42,2.066995e0
Adam-Robust,46,2.068201e0
Adam-Robust,50,2.093796e0
Adam-Robust,54,2.091893e0
Adam-Robust,2,2.248690e0
Adam-Robust,6,2.248690e0
Adam-Robust,10,2.263857e0
Adam-Robust,14,2.277317e0
Adam-Robust,18,2.265786e0
Adam-Robust,22,2.262718e0
Adam-Robust,2,2.743231e0
Adam-Robust,6,2.743231e0
Adam-Robust,10,2.700081e0
Adam-Robust,14,2.701555e0
Adam-Robust,18,2.728426e0
Adam-Robust,22,2.746087e0
Adam-Robust,26,2.749220e0
Adam-Robust,30,2.742044e0
Adam-Robust,2,2.122010e0
Adam-Robust,6,2.122010e0
Adam-Robust,10,2.076787e0
Adam-Robust,14,2.070153e0
Adam-Robust,18,2.039975e0
Adam-Robust,22,2.020124e0
Adam-Robust,26,2.014229e0
Adam-Robust,30,2.008213e0
Adam-Robust,34,2.018913e0
Adam-Robust,38,2.009652e0
Adam-Robust,42,1.990942e0
Adam-Robust,46,1.970241e0
Adam-Robust,50,1.962878e0
Adam-Robust,54,1.959313e0
Adam-Robust,58,1.940572e0
Adam-Robust,62,1.931895e0
Adam-Robust,66,1.934346e0
Adam-Robust,70,1.933858e0
Adam-Robust,74,1.928880e0
Adam-Robust,78,1.939904e0
Adam-Robust,82,1.939507e0
Adam-Robust,86,1.935214e0
Adam-Robust,90,1.928348e0
Adam-Robust,94,1.929219e0
Adam-Robust,98,1.946618e0
Adam-Robust,102,1.929539e0
Adam-Robust,106,1.931479e0
Adam-Robust,110,1.935326e0
Adam-Robust,2,2.297536e0
Adam-Robust,6,2.297536e0
Adam-Robust,10,2.334706e0
Adam-Robust,14,2.379635e0
Adam-Robust,18,2.392570e0
Adam-Robust,22,2.392404e0
Adam-Robust,2,1.981634e0
Adam-Robust,6,1.981634e0
Adam-Robust,10,1.933517e0
Adam-Robust,14,1.923313e0
Adam-Robust,18,1.904798e0
Adam-Robust,22,1.892423e0
Adam-Robust,26,1.907389e0
Adam-Robust,30,1.936609e0
Adam-Robust,34,1.952144e0
Adam-Robust,38,1.963445e0
Adam-Robust,42,1.963174e0
Adam-Robust,2,1.741476e0
Adam-Robust,6,1.741476e0
Adam-Robust,10,1.752568e0
Adam-Robust,14,1.755199e0
Adam-Robust,18,1.727915e0
Adam-Robust,22,1.731762e0
Adam-Robust,26,1.726810e0
Adam-Robust,30,1.742239e0
Adam-Robust,34,1.740791e0
Adam-Robust,38,1.732128e0
Adam-Robust,42,1.747479e0
Adam-Robust,46,1.746479e0
Adam-Robust,2,1.909192e0
Adam-Robust,6,1.909192e0
Adam-Robust,10,1.952651e0
Adam-Robust,14,1.951959e0
Adam-Robust,18,1.958433e0
Adam-Robust,22,1.937966e0
Adam-Robust,2,1.877459e0
Adam-Robust,6,1.877459e0
Adam-Robust,10,1.883234e0
Adam-Robust,14,1.850441e0
Adam-Robust,18,1.815282e0
Adam-Robust,22,1.798582e0
Adam-Robust,26,1.798220e0
Adam-Robust,30,1.800700e0
Adam-Robust,34,1.804595e0
Adam-Robust,38,1.821773e0
Adam-Robust,42,1.826187e0
Adam-Robust,46,1.832862e0
Adam-Robust,2,1.881375e0
Adam-Robust,6,1.881375e0
Adam-Robust,10,1.929265e0
Adam-Robust,14,1.946574e0
Adam-Robust,18,1.952572e0
Adam-Robust,22,1.956102e0
Adam-Robust,2,2.087339e0
Adam-Robust,6,2.087339e0
Adam-Robust,10,2.104569e0
Adam-Robust,14,2.096651e0
Adam-Robust,18,2.114192e0
Adam-Robust,22,2.122936e0
Adam-Robust,2,1.856056e0
Adam-Robust,6,1.856056e0
Adam-Robust,10,1.892892e0
Adam-Robust,14,1.886570e0
Adam-Robust,18,1.899120e0
Adam-Robust,22,1.917051e0
Adam-Robust,2,2.378617e0
Adam-Robust,6,2.378617e0
Adam-Robust,10,2.378570e0
Adam-Robust,14,2.405158e0
Adam-Robust,18,2.425379e0
Adam-Robust,22,2.429364e0
Adam-Robust,26,2.433876e0
Adam-Robust,30,2.424345e0
Adam-Robust,2,1.950044e0
Adam-Robust,6,1.950044e0
Adam-Robust,10,1.990424e0
Adam-Robust,14,2.013804e0
Adam-Robust,18,2.044814e0
Adam-Robust,22,2.033962e0
Adam-Robust,2,2.051527e0
Adam-Robust,6,2.051527e0
Adam-Robust,10,2.034038e0
Adam-Robust,14,2.038055e0
Adam-Robust,18,2.024309e0
Adam-Robust,22,2.039620e0
Adam-Robust,26,2.046508e0
Adam-Robust,30,2.060861e0
Adam-Robust,34,2.059434e0
Adam-Robust,38,2.056904e0
Adam-Robust,2,1.924233e0
Adam-Robust,6,1.924233e0
Adam-Robust,10,1.884833e0
Adam-Robust,14,1.892365e0
Adam-Robust,18,1.889806e0
Adam-Robust,22,1.895217e0
Adam-Robust,26,1.887077e0
Adam-Robust,30,1.898795e0
Adam-Robust,2,2.194271e0
Adam-Robust,6,2.194271e0
Adam-Robust,10,2.189234e0
Adam-Robust,14,2.189358e0
Adam-Robust,18,2.206921e0
Adam-Robust,22,2.252974e0
Adam-Robust,26,2.274924e0
Adam-Robust,30,2.291366e0
Trust Region-Adaptive,2,1.749028e0
Trust Region-Adaptive,7,1.749028e0
Trust Region-Adaptive,2,2.002183e0
Trust Region-Adaptive,7,2.002183e0
Trust Region-Adaptive,2,1.688194e0
Trust Region-Adaptive,7,1.688194e0
Trust Region-Adaptive,2,2.072487e0
Trust Region-Adaptive,7,2.072487e0
Trust Region-Adaptive,2,2.267050e0
Trust Region-Adaptive,7,2.267050e0
Trust Region-Adaptive,2,1.982469e0
Trust Region-Adaptive,7,1.982469e0
Trust Region-Adaptive,2,1.715638e0
Trust Region-Adaptive,7,1.715638e0
Trust Region-Adaptive,2,2.447034e0
Trust Region-Adaptive,7,2.447034e0
Trust Region-Adaptive,2,2.020222e0
Trust Region-Adaptive,7,2.020222e0
Trust Region-Adaptive,2,2.254860e0
Trust Region-Adaptive,7,2.254860e0
Trust Region-Adaptive,2,2.259527e0
Trust Region-Adaptive,7,2.259527e0
Trust Region-Adaptive,2,1.732186e0
Trust Region-Adaptive,7,1.732186e0
Trust Region-Adaptive,2,1.807489e0
Trust Region-Adaptive,7,1.807489e0
Trust Region-Adaptive,2,1.674499e0
Trust Region-Adaptive,7,1.674499e0
Trust Region-Adaptive,2,2.621880e0
Trust Region-Adaptive,7,2.621880e0
Trust Region-Adaptive,2,2.186175e0
Trust Region-Adaptive,7,2.186175e0
Trust Region-Adaptive,2,2.036129e0
Trust Region-Adaptive,7,2.036129e0
Trust Region-Standard,2,1.759177e0
Trust Region-Standard,7,1.759177e0
Trust Region-Standard,2,2.143555e0
Trust Region-Standard,7,2.143555e0
Trust Region-Standard,2,2.626218e0
Trust Region-Standard,7,2.626218e0
Trust Region-Standard,2,1.900803e0
Trust Region-Standard,7,1.900803e0
Trust Region-Standard,2,1.702824e0
Trust Region-Standard,7,1.702824e0
Trust Region-Standard,2,2.093160e0
Trust Region-Standard,7,2.093160e0
Trust Region-Standard,2,2.116481e0
Trust Region-Standard,7,2.116481e0
Trust Region-Standard,2,2.085739e0
Trust Region-Standard,7,2.085739e0
Trust Region-Standard,2,2.060263e0
Trust Region-Standard,7,2.060263e0
Trust Region-Standard,2,1.896437e0
Trust Region-Standard,7,1.896437e0
Trust Region-Standard,2,2.643802e0
Trust Region-Standard,7,2.643802e0
Trust Region-Standard,2,2.176248e0
Trust Region-Standard,7,2.176248e0
Trust Region-Standard,2,1.853976e0
Trust Region-Standard,7,1.853976e0
Trust Region-Standard,2,2.290467e0
Trust Region-Standard,7,2.290467e0
Trust Region-Standard,2,1.937677e0
Trust Region-Standard,7,1.937677e0
Trust Region-Standard,2,2.264035e0
Trust Region-Standard,7,2.264035e0
Trust Region-Conservative,2,2.349642e0
Trust Region-Conservative,7,2.349642e0
Trust Region-Conservative,2,2.048152e0
Trust Region-Conservative,7,2.048152e0
Trust Region-Conservative,2,1.982517e0
Trust Region-Conservative,7,1.982517e0
Trust Region-Conservative,2,1.916943e0
Trust Region-Conservative,7,1.916943e0
Trust Region-Conservative,12,1.915541e0
Trust Region-Conservative,2,1.848252e0
Trust Region-Conservative,7,1.848252e0
Trust Region-Conservative,2,2.071475e0
Trust Region-Conservative,7,2.071475e0
Trust Region-Conservative,12,2.061634e0
Trust Region-Conservative,2,2.871124e0
Trust Region-Conservative,7,2.871124e0
Trust Region-Conservative,2,1.769118e0
Trust Region-Conservative,7,1.769118e0
Trust Region-Conservative,2,2.289565e0
Trust Region-Conservative,7,2.289565e0
Trust Region-Conservative,12,2.278259e0
Trust Region-Conservative,17,2.275397e0
Trust Region-Conservative,2,1.805982e0
Trust Region-Conservative,7,1.805982e0
Trust Region-Conservative,2,2.115871e0
Trust Region-Conservative,7,2.115871e0
Trust Region-Conservative,12,2.112078e0
Trust Region-Conservative,2,1.859024e0
Trust Region-Conservative,7,1.859024e0
Trust Region-Conservative,2,1.943238e0
Trust Region-Conservative,7,1.943238e0
Trust Region-Conservative,2,1.679941e0
Trust Region-Conservative,7,1.679941e0
Trust Region-Conservative,2,2.472520e0
Trust Region-Conservative,7,2.472520e0
Trust Region-Conservative,2,2.286649e0
Trust Region-Conservative,7,2.286649e0
Trust Region-Conservative,2,1.818595e0
Trust Region-Conservative,7,1.818595e0
Trust Region-Aggressive,2,2.180667e0
Trust Region-Aggressive,7,2.180667e0
Trust Region-Aggressive,2,2.066742e0
Trust Region-Aggressive,7,2.066742e0
Trust Region-Aggressive,2,1.700535e0
Trust Region-Aggressive,7,1.700535e0
Trust Region-Aggressive,2,1.979794e0
Trust Region-Aggressive,7,1.979794e0
Trust Region-Aggressive,2,2.147829e0
Trust Region-Aggressive,7,2.147829e0
Trust Region-Aggressive,2,2.334283e0
Trust Region-Aggressive,7,2.334283e0
Trust Region-Aggressive,2,2.468647e0
Trust Region-Aggressive,7,2.468647e0
Trust Region-Aggressive,2,1.710604e0
Trust Region-Aggressive,7,1.710604e0
Trust Region-Aggressive,2,1.973548e0
Trust Region-Aggressive,7,1.973548e0
Trust Region-Aggressive,2,2.152358e0
Trust Region-Aggressive,7,2.152358e0
Trust Region-Aggressive,2,2.502078e0
Trust Region-Aggressive,7,2.502078e0
Trust Region-Aggressive,2,2.103082e0
Trust Region-Aggressive,7,2.103082e0
Trust Region-Aggressive,2,2.139237e0
Trust Region-Aggressive,7,2.139237e0
Trust Region-Aggressive,2,2.052723e0
Trust Region-Aggressive,7,2.052723e0
Trust Region-Aggressive,2,1.829982e0
Trust Region-Aggressive,7,1.829982e0
Trust Region-Aggressive,2,2.217136e0
Trust Region-Aggressive,7,2.217136e0
Trust Region-Aggressive,2,2.000271e0
Trust Region-Aggressive,7,2.000271e0
Trust Region-Precise,2,2.315875e0
Trust Region-Precise,7,2.315875e0
Trust Region-Precise,2,2.533308e0
Trust Region-Precise,7,2.533308e0
Trust Region-Precise,2,1.854684e0
Trust Region-Precise,7,1.854684e0
Trust Region-Precise,12,1.850770e0
Trust Region-Precise,17,1.836249e0
Trust Region-Precise,2,2.206673e0
Trust Region-Precise,7,2.206673e0
Trust Region-Precise,2,2.262536e0
Trust Region-Precise,7,2.262536e0
Trust Region-Precise,12,2.249037e0
Trust Region-Precise,2,2.167474e0
Trust Region-Precise,7,2.167474e0
Trust Region-Precise,2,2.191181e0
Trust Region-Precise,7,2.191181e0
Trust Region-Precise,12,2.181823e0
Trust Region-Precise,2,1.757357e0
Trust Region-Precise,7,1.757357e0
Trust Region-Precise,2,1.854019e0
Trust Region-Precise,7,1.854019e0
Trust Region-Precise,2,2.500994e0
Trust Region-Precise,7,2.500994e0
Trust Region-Precise,2,2.406653e0
Trust Region-Precise,7,2.406653e0
Trust Region-Precise,2,2.046952e0
Trust Region-Precise,7,2.046952e0
Trust Region-Precise,12,2.037469e0
Trust Region-Precise,2,2.176348e0
Trust Region-Precise,7,2.176348e0
Trust Region-Precise,2,2.541238e0
Trust Region-Precise,7,2.541238e0
Trust Region-Precise,2,2.253070e0
Trust Region-Precise,7,2.253070e0
Trust Region-Precise,12,2.242985e0
Trust Region-Precise,17,2.239480e0
Trust Region-Precise,2,2.168108e0
Trust Region-Precise,7,2.168108e0
Trust Region-Precise,2,2.117711e0
Trust Region-Precise,7,2.117711e0
